obj_ID,alpha,delta,u,g,r,i,z,run_ID,rerun_ID,cam_col,field_ID,spec_obj_ID,class,redshift,plate,MJD,fiber_ID
1.24E+18,45.48828915,3.008271471,23.99093,21.79186,21.19933,20.13753,20.34898,4576,301,3,62,6.71E+18,?,0.4398359,6999,56181,493